{
  "players": [
    {
      "id": 1,
      "name": "Sachin",
      "country": "india",
      "matchesPlayed": 300
    },
    {
      "id": 2,
      "name": "Kohli",
      "country": "india",
      "matchesPlayed": 400
    },
    {
      "id": 3,
      "name": "brian lara",
      "country": "west indies",
      "matchesPlayed": "122"
    },
    {
      "id": 4,
      "name": "tendulkar",
      "country": "india",
      "matchesPlayed": "200"
    },
    {
      "name": "Prasad",
      "country": "India",
      "matchesPlayed": "25",
      "id": 5
    },
    {
      "name": "SKY",
      "country": "India",
      "matchesPlayed": "78",
      "id": 6
    },
    {
      "name": "Pavan",
      "country": "India",
      "matchesPlayed": "230",
      "id": 7
    },
    {
      "name": "Nitin ",
      "country": "India",
      "matchesPlayed": "100",
      "id": 8
    }
  ]
}